-- MySQL dump 10.13  Distrib 8.0.33, for Win64 (x86_64)
--
-- Host: localhost    Database: diplomski
-- ------------------------------------------------------
-- Server version	8.0.33

/*!40101 SET @OLD_CHARACTER_SET_CLIENT=@@CHARACTER_SET_CLIENT */;
/*!40101 SET @OLD_CHARACTER_SET_RESULTS=@@CHARACTER_SET_RESULTS */;
/*!40101 SET @OLD_COLLATION_CONNECTION=@@COLLATION_CONNECTION */;
/*!50503 SET NAMES utf8 */;
/*!40103 SET @OLD_TIME_ZONE=@@TIME_ZONE */;
/*!40103 SET TIME_ZONE='+00:00' */;
/*!40014 SET @OLD_UNIQUE_CHECKS=@@UNIQUE_CHECKS, UNIQUE_CHECKS=0 */;
/*!40014 SET @OLD_FOREIGN_KEY_CHECKS=@@FOREIGN_KEY_CHECKS, FOREIGN_KEY_CHECKS=0 */;
/*!40101 SET @OLD_SQL_MODE=@@SQL_MODE, SQL_MODE='NO_AUTO_VALUE_ON_ZERO' */;
/*!40111 SET @OLD_SQL_NOTES=@@SQL_NOTES, SQL_NOTES=0 */;

--
-- Table structure for table `igrac`
--

DROP TABLE IF EXISTS `igrac`;
/*!40101 SET @saved_cs_client     = @@character_set_client */;
/*!50503 SET character_set_client = utf8mb4 */;
CREATE TABLE `igrac` (
  `idIgr` int NOT NULL DEFAULT '1',
  `ekipa` varchar(255) DEFAULT NULL,
  `brSlicice` int DEFAULT NULL,
  `datumRodj` date DEFAULT NULL,
  `visina` decimal(5,2) DEFAULT NULL,
  `tezina` decimal(5,2) DEFAULT NULL,
  `pozicija` varchar(255) DEFAULT NULL,
  `klub` varchar(255) DEFAULT NULL,
  `picture1` varchar(255) DEFAULT NULL,
  `ime` varchar(255) DEFAULT NULL,
  `prezime` varchar(255) DEFAULT NULL,
  PRIMARY KEY (`idIgr`)
) ENGINE=InnoDB DEFAULT CHARSET=utf8mb4 COLLATE=utf8mb4_0900_ai_ci;
/*!40101 SET character_set_client = @saved_cs_client */;

--
-- Dumping data for table `igrac`
--

LOCK TABLES `igrac` WRITE;
/*!40000 ALTER TABLE `igrac` DISABLE KEYS */;
INSERT INTO `igrac` VALUES (1,'Angola',1,'2003-11-05',2.00,92.00,'SF','Benfica','1z.png','Eduardo','Francisco'),(2,'Angola',2,'1996-04-16',1.79,82.00,'PG','Atletico Petroleos','2z.png','Gerson','Domingos'),(3,'Angola',3,'2001-11-28',1.87,85.00,'PG','LWD Basket','3z.png','Dimitri','Maconda'),(4,'Angola',4,'1996-03-29',1.93,80.00,'SG','Atletico Petroleos','4z.png','Gerson','Goncalves'),(5,'Angola',5,'1998-05-17',1.67,75.00,'PG','Atletico Petroleos','5z.png','Childe','Dundao'),(6,'Angola',6,'1999-01-06',2.08,94.00,'C','Basketball Löwen Braunschweig','6z.png','Jilson','Bango'),(7,'Angola',7,'1986-04-30',1.98,114.00,'PF','Sangalhos DC','7z.png','Leonel','Paulo'),(8,'Angola',8,'1989-04-02',2.06,96.00,'SF','Sporting CP','8z.png','Antonio','Monteiro'),(9,'Angola',9,'1992-12-01',2.00,100.00,'C','Sporting CP','9z.png','João','Fernandes'),(10,'Angola',10,'1998-08-15',2.06,109.00,'C','Atlanta Hawks','10z.png','Bruno','Fernando'),(11,'Angola',11,'1998-10-07',2.06,113.00,'PF','Aris','11z.png','Silvio','de Souza'),(12,'Angola',12,'2001-09-03',2.05,110.00,'C','JL Bourg Basket','12z.png','Kevin','Kokila'),(13,'Dominican Republic',13,'1986-07-20',2.04,106.00,'PF','MOCA','13z.png','Antonio','Peña'),(14,'Dominican Republic',14,'1992-07-06',1.91,82.00,'SG','Obradorio CAB','14z.png','Rigoberto','Mendoza'),(15,'Dominican Republic',15,'2003-07-03',1.90,80.00,'PG','CB Gran Canaria Claret SAD','15z.png','Jean','Montero'),(16,'Dominican Republic',16,'1994-06-01',1.85,82.00,'PG','Reales de la Vega','16z.png','Gervis','Solano'),(17,'Dominican Republic',17,'1986-05-12',1.88,84.00,'SG','Capitanes de Arecibo','17z.png','Victor','Liz'),(18,'Dominican Republic',18,'1997-07-15',1.83,88.00,'PG','Club Juventut Badalona','18z.png','Andres','Feliz'),(19,'Dominican Republic',19,'1988-12-30',2.11,109.00,'C','Trotamundos','19z.png','Eloy','Vargas'),(20,'Dominican Republic',20,'1994-11-20',2.08,111.00,'PF','Besiktas JK','20z.png','Angel','Delgado'),(21,'Dominican Republic',21,'1989-04-20',1.96,93.00,'SG','Soles de Santo Domingo','21z.png','Gerardo','Suero'),(22,'Dominican Republic',22,'1998-03-28',1.98,91.00,'SF','BBU 01 Ulm','22z.png','LJ','Figueroa'),(23,'Dominican Republic',23,'2000-11-16',1.96,94.00,'SG','Golden State Warriors','23z.png','Lester','Quiñones'),(24,'Dominican Republic',24,'1995-11-15',2.11,112.00,'PF','Minnesota Timberwolves','24z.png','Karl-Anthony','Towns'),(25,'Italy',25,'1995-02-05',1.84,80.00,'PG','Umana Reyer Venezia','25z.png','Marco','Spissu'),(26,'Italy',26,'1993-11-07',1.96,100.00,'SG','AJX Olimpia Milano','26z.png','Stefano','Tonut'),(27,'Italy',27,'1991-01-26',2.05,110.00,'PF','AJX Olimpia Milano','27z.png','Nicolò','Melli'),(28,'Italy',28,'1995-12-09',2.01,95.00,'SF','Utah Jazz','28z.png','Simone','Fontecchio'),(29,'Italy',29,'1991-09-27',2.00,100.00,'PF','AJX Olimpia Milano','29z.png','Giampaolo','Ricci'),(30,'Italy',30,'2003-01-10',1.94,89.00,'SG','ALBA Berlin','30z.png','Matteo','Spagnolo'),(31,'Italy',31,'1991-11-23',2.05,90.00,'PF','Segafredo Virtus Bologna','31z.png','Achille','Polonara'),(32,'Italy',32,'2001-09-10',2.08,102.00,'C','Rio Breogan','32z.png','Mouhamet','Diouf'),(33,'Italy',33,'1996-06-20',2.04,95.00,'PF','Bertram Derthona Basket','33z.png','Luca','Severini'),(34,'Italy',34,'2002-06-01',2.00,88.00,'SF','ALBA Berlin','34z.png','Gabriele','Procida'),(35,'Italy',35,'1999-11-09',1.94,95.00,'PG','Segafredo Virtus Bologna','35z.png','Alessandro','Pajola'),(36,'Italy',36,'1987-11-27',2.03,101.00,'PF','AJX Olimpia Milano','36z.png','Luigi','Datome'),(37,'Philippines',37,'1993-10-27',1.83,82.00,'PG','Shiga Lakes','37z.png','Kiefer','Ravena'),(38,'Philippines',38,'1992-06-07',1.96,88.00,'SG','Utah Jazz','38z.png','Jordan','Clarkson'),(39,'Philippines',39,'1993-07-12',1.85,82.00,'SG','Barangay Genebra San Miguel','39z.png','Scottie','Thompson'),(40,'Philippines',40,'2002-05-11',2.18,105.00,'C','Hiroshima Dragonflies','40z.png','Kai Zachary','Sotto'),(41,'Philippines',41,'1996-07-31',2.01,95.00,'SG','Barangay Genebra San Miguel','41z.png','Jamie James','Malonzo'),(42,'Philippines',42,'1989-11-17',2.11,132.00,'C','San Miguel Beermen','42z.png','June Mar','Fajardo'),(43,'Philippines',43,'1992-06-16',1.88,82.00,'SG','TNT KaTropa','43z.png','Roger','Pogoy'),(44,'Philippines',44,'1993-11-17',1.88,85.00,'SG','San Miguel Beermen','44z.png','CJ','Perez'),(45,'Philippines',45,'1998-03-11',1.88,71.00,'SG','Anyang KGC','45z.png','Rhenz','Abando'),(46,'Philippines',46,'1998-09-02',1.93,95.00,'PG','Levanga Hokkaido','46z.png','Dwight','Ramos'),(47,'Philippines',47,'1987-01-25',2.06,107.00,'PF','Barangay Genebra San Miguel','47z.png','Japeth','Aguilar'),(48,'Philippines',48,'2000-01-01',2.08,102.00,'C','Toyama Grouses','48z.png','Ariel John','Edu'),(49,'China',49,'1993-09-20',2.06,104.00,'SF','Minnesota Timberwolves','49z.png','Kaier','Li'),(50,'China',50,'1998-03-10',1.93,83.00,'PG','Guangdong Southern Tigers','50z.png','Mingxuan','Hu'),(51,'China',51,'1995-08-25',1.85,80.00,'SG','Liaoning Flying Leopards','51z.png','Jiwei','Zhao'),(52,'China',52,'1996-01-14',1.95,93.00,'SG','Xinjiang Flying Tigers','52z.png','Rui','Zhao'),(53,'China',53,'1989-10-11',2.06,84.00,'SF','Shenzhen Aviators','53z.png','Peng','Zhou'),(54,'China',54,'1994-01-20',2.13,122.00,'C','Shanghai Sharks','54z.png','Zhelin','Wang'),(55,'China',55,'1996-01-16',2.12,96.00,'C','Guangdong Southern Tigers','55z.png','Qi','Zhou'),(56,'China',56,'2003-05-28',2.01,86.00,'SG','Guangzhou Longlions','56z.png','Youngxi','Cui'),(57,'China',57,'1997-09-24',2.10,104.00,'C','Zhejiang Lions','57z.png','Jinqiu','Hu'),(58,'China',58,'1999-07-13',1.85,88.00,'SF','Zhejiang Lions','58z.png','Junlong','Zhu'),(59,'China',59,'1997-08-24',2.08,100.00,'PF','Liaoning Flying Leopards','59z.png','Hao','Fu'),(60,'China',60,'1999-01-28',2.08,100.00,'PF','Liaoning Flying Leopards','60z.png','Zhelin','Zhang'),(61,'Puerto Rico',61,'1988-11-06',1.96,93.00,'SF','Hapoel Tel Aviv','61z.png','John','Holland'),(62,'Puerto Rico',62,'1995-02-02',2.01,100.00,'PF','Piratas de Quebradillas','62z.png','Isaiah','Pineiro'),(63,'Puerto Rico',63,'2000-08-22',2.12,106.00,'PF','Gigantes de Carolina','63z.png','George','Conditt'),(64,'Puerto Rico',64,'1996-01-06',1.80,82.00,'PG','GeVi Napoli','64z.png','Jordan','Howard'),(65,'Puerto Rico',65,'1997-03-23',1.94,88.00,'SG','Vaqueros de Bayamon','65z.png','Stephen','Thompson Jr.'),(66,'Puerto Rico',66,'1997-12-22',2.03,100.00,'SF','Lakeland Magic','66z.png','Aleem','Ford'),(67,'Puerto Rico',67,'1995-03-16',1.93,93.00,'SF','Pallacanestro Varese','67z.png','Justin','Reyes'),(68,'Puerto Rico',68,'1991-06-23',2.03,100.00,'C','Vaqueros de Bayamon','68z.png','Ismael','Romero'),(69,'Puerto Rico',69,'1993-04-02',2.02,102.00,'PF','Osos de Manati','69z.png','Christopher','Ortiz'),(70,'Puerto Rico',70,'1997-10-28',2.02,112.00,'PG','Cariduros de Fajardo','70z.png','Arnaldo','Toro Barea'),(71,'Puerto Rico',71,'1998-01-10',1.80,79.00,'PG','Gigantes de Carolina','71z.png','Tremont','Waters'),(72,'Puerto Rico',72,'1999-05-04',1.96,88.00,'SG','Windy City Bulls','72z.png','Ethan','Thompson'),(73,'Serbia',73,'2000-04-15',2.11,106.00,'C','Philadelphia 76ers','73z.png','Filip','Petrusev'),(74,'Serbia',74,'2003-06-09',2.08,109.00,'PF','Miami Heat','74z.png','Nikola','Jovic'),(75,'Serbia',75,'1992-08-18',1.96,102.00,'SG','Atlanta Hawks','75z.png','Bogdan','Bogdanovic'),(76,'Serbia',76,'1997-01-09',1.98,86.00,'SG','Saski Baskonia','76z.png','Vanja','Marinkovic'),(77,'Serbia',77,'2000-04-15',2.00,93.00,'SG','Segafredo Virtus Bologna','77z.png','Ognjen','Dobric'),(78,'Serbia',78,'1995-11-27',2.14,112.00,'C','Lenovo Tenerife','78z.png','Dusan','Ristic'),(79,'Serbia',79,'1995-03-08',1.96,91.00,'SG','Fenerbahçe Beko','79z.png','Marko','Guduric'),(80,'Serbia',80,'1990-11-03',1.98,94.00,'PG','Casademont Zaragoza','80z.png','Stefan','Jovic'),(81,'Serbia',81,'1995-01-17',2.03,95.00,'SF','Crvena Zvezda MTS','81z.png','Dejan','Davidovac'),(82,'Serbia',82,'1998-03-20',2.11,99.00,'PF','Casademont Zaragoza','82z.png','Borisa','Simanic'),(83,'Serbia',83,'1994-10-25',1.92,87.00,'PG','Partizan NIS','83z.png','Aleksa','Avramovic'),(84,'Serbia',84,'1994-12-30',2.13,116.00,'C','Olympiacos BC','84z.png','Nikola','Milutinov'),(85,'South Sudan',85,'1997-03-26',1.98,85.00,'SG','South East Melbourne Phoenix','85z.png','Junior','Madut'),(86,'South Sudan',86,'1994-10-03',2.06,98.00,'SF','Taichung Suns','86z.png','Nuni','Omot'),(87,'South Sudan',87,'1997-12-23',1.83,81.00,'PG','Chicago Bulls','87z.png','Charlik','Jones'),(88,'South Sudan',88,'2006-09-14',2.16,113.00,'C','A.S. Douanes','88z.png','Khaman Madit','Maluach'),(89,'South Sudan',89,'1994-07-08',2.01,91.00,'SF','Keilor Thunder','89z.png','Kuany Ngor','Kuany'),(90,'South Sudan',90,'1995-07-26',1.98,93.00,'PG','Maine Celtics','90z.png','Marial','Shayok'),(91,'South Sudan',91,'1996-10-02',2.08,90.00,'C','Knox Riders','91z.png','Deng','Acuoth'),(92,'South Sudan',92,'1993-03-01',2.05,84.00,'PF','Tasmania JackJumpers','92z.png','Majok','Deng'),(93,'South Sudan',93,'1994-03-30',1.98,93.00,'SG','Cholet Basket','93z.png','Dut Jok','Kacuol'),(94,'South Sudan',94,'1996-09-15',2.11,102.00,'C','Horsens IC','94z.png','Koch','Bar'),(95,'South Sudan',95,'1997-03-26',2.06,93.00,'PF','Free Agent','95z.png','Wenyen','Gabriel'),(96,'South Sudan',96,'1994-01-01',1.95,91.00,'SG','Adelaide 36ers','96z.png','Sunday','Dech'),(97,'Greece',97,'1992-12-30',1.93,92.00,'PG','Olympiacos BC','97z.png','Thomas','Walkup'),(98,'Greece',98,'2001-06-27',2.03,91.00,'SF','Saski Baskonia','98z.png','Nikos','Rogkavopoulos'),(99,'Greece',99,'1998-12-30',1.96,91.00,'PG','Olympiacos BC','99z.png','Michail','Lountzis'),(100,'Greece',100,'1993-09-22',1.96,95.00,'SG','Olympiacos BC','100z.png','Giannoulis','Larentzakis'),(101,'Greece',101,'1999-02-03',1.94,86.00,'SG','Panathinaikos BC OPAP','101z.png','Dimitris','Moraitis'),(102,'Greece',102,'1994-04-18',1.96,91.00,'PG','Aris','102z.png','Lefteris','Bochoridis'),(103,'Greece',103,'1997-07-03',2.20,121.00,'C','Fenerbahçe Beko','103z.png','Georgios','Papagiannis'),(104,'Greece',104,'1990-07-31',2.03,107.00,'SF','Olympiacos BC','104z.png','Kostas','Papanikolaou'),(105,'Greece',105,'1994-03-30',2.06,106.00,'SF','Panathinaikos BC OPAP','105z.png','Ioannis','Papapetrou'),(106,'Greece',106,'1992-07-18',2.01,99.00,'PF','Milwaukee Bucks','106z.png','Thanasis','Antetokounmpo'),(107,'Greece',107,'1996-06-11',2.10,116.00,'PF','Panathinaikos BC OPAP','107z.png','Konstantinos','Mitoglou'),(108,'Greece',108,'2000-04-21',2.08,109.00,'C','Kolossos H Hotels BC','108z.png','Emmanouil','Chatzidakis'),(109,'Jordan',109,'1994-04-26',1.94,88.00,'SG','Al-Ahli Amman','109z.png','Amin','Abu Hawwas'),(110,'Jordan',110,'1996-10-14',1.90,77.00,'PG','Free Agent','110z.png','Freddy','Ibrahim'),(111,'Jordan',111,'1986-10-10',1.96,93.00,'SF','Orthodox Amman','111z.png','Ahmad','Hamarsheh'),(112,'Jordan',112,'1994-01-26',1.90,82.00,'SG','Free Agent','112z.png','Sami','Bzai'),(113,'Jordan',113,'2003-07-15',1.90,79.00,'SG','Aljubiha Club','113z.png','Ahmad','Hammouri'),(114,'Jordan',114,'1990-03-03',2.12,118.00,'C','Orthodox Amman','114z.png','Mohammad','Hussein'),(115,'Jordan',115,'1983-11-21',2.03,91.00,'PF','Free Agent','115z.png','Zaid','Abass'),(116,'Jordan',116,'1999-03-30',1.95,98.00,'SF','ALHILAL','116z.png','Hashem','Abbas'),(117,'Jordan',117,'1993-02-07',1.82,81.00,'PG','Al-Riyadi (Jordan)','117z.png','Malek','Kanaan'),(118,'Jordan',118,'1995-01-03',1.98,98.00,'SF','Atleticos de San German','118z.png','Rondae','Hollis Jefferson'),(119,'Jordan',119,'1996-09-26',2.05,93.00,'PF','Al-Ahli Amman','119z.png','Zane','Alnajdawi'),(120,'Jordan',120,'1993-03-04',2.10,121.00,'C','Free Agent','120z.png','Ahmad','Dwairi'),(121,'New Zealand',121,'1994-10-14',1.98,105.00,'PF','South East Melbourne Phoenix','121z.png','Reuben','Te Rangi'),(122,'New Zealand',122,'1995-11-07',1.88,90.00,'PG','New Zealand Breakers','122z.png','Izayah','Le\'afa'),(123,'New Zealand',123,'1995-08-12',2.00,106.00,'PF','Telekom Baskets Bonn','123z.png','Finn','Delaney'),(124,'New Zealand',124,'1996-09-22',1.88,83.00,'PG','Canterbury Rams','124z.png','Taylor','Britt'),(125,'New Zealand',125,'1992-10-06',1.84,88.00,'PG','Melbourne United','125z.png','Shea','Ili'),(126,'New Zealand',126,'1996-07-08',2.08,109.00,'PF','ALBA Berlin','126z.png','Yannick','Wetzell'),(127,'New Zealand',127,'2000-06-30',1.95,95.00,'PG','Melbourne United','127z.png','Flynn','Cameron'),(128,'New Zealand',128,'1995-10-06',2.06,117.00,'PF','Adelaide 36ers','128z.png','Tohi','Smith-Milner'),(129,'New Zealand',129,'1993-03-07',1.96,100.00,'SF','Bay Hawks','129z.png','Jordan','Ngatai'),(130,'New Zealand',130,'1996-06-03',2.04,110.00,'SF','Perth Wildcats','130z.png','Hyrum','Harris'),(131,'New Zealand',131,'2003-05-23',1.90,83.00,'SG','Tasmania JackJumpers','131z.png','Walter James','Brown'),(132,'New Zealand',132,'1993-12-18',2.03,104.00,'PF','Utsunomiya Brex','132z.png','Isaac','Fotu'),(133,'USA',133,'2000-02-29',1.96,84.00,'PG','Indiana Pacers','133z.png','Tyrese','Haliburton'),(134,'USA',134,'1996-08-30',1.98,95.00,'SF','Brooklyn Nets','134z.png','Mikal','Bridges'),(135,'USA',135,'1996-03-03',2.03,95.00,'SF','Brooklyn Nets','135z.png','Cameron','Johnson'),(136,'USA',136,'1997-09-02',2.03,86.00,'SF','New Orleans Pelicans','136z.png','Brandon','Ingram'),(137,'USA',137,'2002-11-12',2.08,113.00,'PF','Orlando Magic','137z.png','Paolo','Banchero'),(138,'USA',138,'1995-02-10',2.11,113.00,'PF','Milwaukee Bucks','138z.png','Bobby','Portis'),(139,'USA',139,'2001-08-05',1.93,102.00,'SG','Minnesota Timberwolves','139z.png','Anthony','Edwards'),(140,'USA',140,'1996-08-31',1.88,86.00,'PG','New York Knicks','140z.png','Jalen','Brunson'),(141,'USA',141,'1995-03-06',1.93,98.00,'SF','New York Knicks','141z.png','Josh','Hart'),(142,'USA',142,'1999-09-15',2.08,110.00,'PF','Memphis Grizzlies','142z.png','Jaren','Jackson Jr.'),(143,'USA',143,'2001-07-26',2.13,111.00,'C','Utah Jazz','143z.png','Walker','Kessler'),(144,'USA',144,'1998-05-29',1.96,89.00,'SG','Los Angeles Lakers','144z.png','Austin','Reaves'),(145,'Egypt',145,'2001-10-06',1.91,83.00,'SG','Al Ahly Sporting Club','145z.png','Amr','Zahran'),(146,'Egypt',146,'2005-01-13',1.91,82.00,'PG','Al Ahly Sporting Club','146z.png','Karim','Elgizawy'),(147,'Egypt',147,'1995-08-01',1.85,91.00,'PG','Al Ahly Sporting Club','147z.png','Ehab','Amin'),(148,'Egypt',148,'1991-06-14',1.93,87.00,'PF','Al Ahly Sporting Club','148z.png','Amr','El Gendy'),(149,'Egypt',149,'2002-07-14',1.90,91.00,'PG','Tarleton State University','149z.png','Adam','Moussa'),(150,'Egypt',150,'1995-05-09',2.14,95.00,'PF','El Ettehad','150z.png','Anas','Mahmoud'),(151,'Egypt',151,'1993-06-09',1.93,87.00,'SG','El Ettehad','151z.png','Youssef','Aboushousha'),(152,'Egypt',152,'1999-06-16',2.11,113.00,'C','Free Agent','152z.png','Patrick','Gardner'),(153,'Egypt',153,'1999-02-15',2.04,99.00,'PF','Zamalek','153z.png','Khaled','Abdelgawad'),(154,'Egypt',154,'1995-03-29',1.91,82.00,'SG','Zamalek','154z.png','Omar','Hussein'),(155,'Egypt',155,'1992-06-16',2.06,113.00,'C','Changwon LG Sakers','155z.png','Assem','Marei'),(156,'Egypt',156,'1991-09-08',2.18,122.00,'C','Al Ahly Sporting Club','156z.png','Omar','Oraby'),(157,'Lithuania',157,'1996-10-27',1.94,94.00,'SG','BC Rytas','157z.png','Margiris','Normantas'),(158,'Lithuania',158,'1998-01-17',2.06,101.00,'SF','Saski Baskonia','158z.png','Tadas','Sedekerskis'),(159,'Lithuania',159,'1999-01-08',2.01,100.00,'SF','BC Zalgiris','159z.png','Ignas','Brazdeikis'),(160,'Lithuania',160,'1993-04-19',2.06,103.00,'C','Lietkabelis','160z.png','Gabrielius','Maldunas'),(161,'Lithuania',161,'2000-11-19',1.94,91.00,'PG','FC Barcelona','161z.png','Rokas','Jokubaitis'),(162,'Lithuania',162,'1992-05-06',2.11,120.00,'C','New Orleans Pelicans','162z.png','Jonas','Valanciunas'),(163,'Lithuania',163,'1989-10-19',2.05,98.00,'SF','AEK Betsson BC','163z.png','Mindaugas','Kuzminskas'),(164,'Lithuania',164,'1990-09-20',2.13,117.00,'C','AS Monaco','164z.png','Donatas','Motiejunas'),(165,'Lithuania',165,'1990-04-23',2.07,102.00,'PF','Banco di Sardegna Sassari','165z.png','Eimantas','Bendzius'),(166,'Lithuania',166,'1993-11-16',1.99,92.00,'PG','M Basket','166z.png','Vaidas','Kariniauskas'),(167,'Lithuania',167,'1994-01-02',1.96,85.00,'SG','BC Zalgiris','167z.png','Tomas','Dimsa'),(168,'Lithuania',168,'1992-05-06',2.01,86.00,'SF','Lietkabelis','168z.png','Deividas','Sirvydis'),(169,'Mexico',169,'2003-02-26',2.02,92.00,'SF','Caceres Basket','169z.png','Gael','Bonilla'),(170,'Mexico',170,'1992-09-22',1.98,105.00,'PF','Panteras de Aguascalientes','170z.png','Fabián','Jaimes'),(171,'Mexico',171,'1985-12-14',1.80,79.00,'PG','Fuerza Regia','171z.png','Paul','Stoll'),(172,'Mexico',172,'1988-12-27',1.90,88.00,'SG','Astros de jalisco','172z.png','Jorge','Gutiérrez'),(173,'Mexico',173,'2000-03-01',1.87,87.00,'SG','Astros de jalisco','173z.png','Moisés','Andriassi'),(174,'Mexico',174,'1989-10-03',1.91,98.00,'SG','Manisa BSB','174z.png','Pako','Cruz'),(175,'Mexico',175,'1988-02-27',1.92,96.00,'PG','Fuerza Regia','175z.png','Gabriel','Girón'),(176,'Mexico',176,'1986-04-29',1.83,84.00,'PG','Plateros de Fresnillo','176z.png','Orlando','Méndez'),(177,'Mexico',177,'1989-04-16',2.01,98.00,'PF','Rayos De Heromsillo','177z.png','Jorge','Camacho'),(178,'Mexico',178,'1993-01-15',2.08,107.00,'C','Dorados de Chihuahua','178z.png','Israel','Gutiérrez'),(179,'Mexico',179,'1995-01-26',2.10,113.00,'C','Plateros de Fresnillo','179z.png','Joshua','Ibarra'),(180,'Mexico',180,'1995-09-13',2.08,111.00,'C','Libertadores de Queretaro','180z.png','Daniel','Amigo'),(181,'Montenegro',181,'1996-09-17',2.04,85.00,'PF','Buducnost VOLI','181z.png','Aleksa','Ilic'),(182,'Montenegro',182,'1990-08-10',1.93,93.00,'SG','Buducnost VOLI','182z.png','Vladimir','Mihailovic'),(183,'Montenegro',183,'1990-10-24',2.08,118.00,'C','Chicago Bulls','183z.png','Nikola','Vucevic'),(184,'Montenegro',184,'1999-02-15',2.02,79.00,'SG','Buducnost VOLI','184z.png','Andrija','Slavkovic'),(185,'Montenegro',185,'1999-01-08',2.03,102.00,'PF','FC Bayern München','185z.png','Dino','Radoncic'),(186,'Montenegro',186,'1991-11-11',2.08,98.00,'PF','UCAM Murcia','186z.png','Nemanja','Radovic'),(187,'Montenegro',187,'1991-10-24',2.05,118.00,'C','BC Zenit Saint Petersburg','187z.png','Bojan','Dubljevic'),(188,'Montenegro',188,'1999-10-15',2.13,109.00,'C','Crvena Zvezda MTS','188z.png','Marko','Simonovic'),(189,'Montenegro',189,'1990-02-19',1.90,85.00,'PG','Runa Basket Moscow','189z.png','Nikola','Ivanovic'),(190,'Montenegro',190,'2000-04-21',1.93,84.00,'PG','SC Derby','190z.png','Igor','Drobnjak'),(191,'Montenegro',191,'1996-09-13',1.93,87.00,'PG','Buducnost VOLI','191z.png','Petar','Popovic'),(192,'Montenegro',192,'1992-12-23',1.83,82.00,'PG','Unicaja Baloncesto','192z.png','Kendrick','Perry'),(193,'Australia',193,'2003-03-17',2.03,90.00,'PG','New Orleans Pelicans','193z.png','Dyson','Daniels'),(194,'Australia',194,'1997-03-04',1.96,91.00,'SG','Portland Trail Blazers','194z.png','Matisse','Thybulle'),(195,'Australia',195,'2002-10-10',2.03,98.00,'SG','Oklahoma City Thunder','195z.png','Josh','Giddey'),(196,'Australia',196,'1988-10-24',1.92,92.00,'SG','Melbourne United','196z.png','Chris','Goulding'),(197,'Australia',197,'1988-08-11',1.83,82.00,'PG','Atlanta Hawks','197z.png','Patty','Mills'),(198,'Australia',198,'2000-11-16',2.01,91.00,'SF','Dallas Mavericks','198z.png','Josh','Green'),(199,'Australia',199,'1987-10-02',2.06,100.00,'SF','Orlando Magic','199z.png','Joe','Ingles'),(200,'Australia',200,'1995-08-19',2.03,83.00,'PF','Washington Wizards','200z.png','Xavier','Cooks'),(201,'Australia',201,'1995-07-13',1.96,97.00,'PG','Dallas Mavericks','201z.png','Dante','Exum'),(202,'Australia',202,'1997-08-05',2.00,102.00,'SF','Oklahoma City Thunder','202z.png','Jack','White'),(203,'Australia',203,'1992-08-03',2.06,106.00,'PF','Shimane Susanoo Magic','203z.png','Nick','Kay'),(204,'Australia',204,'1996-06-26',2.11,111.00,'C','Al Riyadi','204z.png','Duop','Reath'),(205,'Finland',205,'2004-05-30',1.93,84.00,'PG','Baylor Bears','205z.png','Miro','Little'),(206,'Finland',206,'1993-06-03',2.06,100.00,'PF','Movistar Estudiantes','206z.png','Alex','Murphy'),(207,'Finland',207,'1991-06-11',1.91,90.00,'SG','Lenovo Tenerife','207z.png','Sasu','Salin'),(208,'Finland',208,'2000-05-02',2.03,101.00,'PF','University of Michigan','208z.png','Olivier','Nkamhoua'),(209,'Finland',209,'1997-08-20',1.98,94.00,'PG','Karhu Basket','209z.png','Henri','Kantonen'),(210,'Finland',210,'2000-04-20',2.04,100.00,'PF','Paris Basketball','210z.png','Mikael','Jantunen'),(211,'Finland',211,'1999-06-11',2.01,89.00,'SF','BAXI Manresa','211z.png','Elias','Valtonen'),(212,'Finland',212,'1995-01-26',2.07,103.00,'C','AEK Betsson BC','212z.png','Alexander','Madsen'),(213,'Finland',213,'1998-03-21',1.88,84.00,'PG','HAKRO Merlins Crailsheim','213z.png','Edon','Maxhuni'),(214,'Finland',214,'1997-05-22',2.13,109.00,'PF','Utah Jazz','214z.png','Lauri','Markkanen'),(215,'Finland',215,'1998-04-02',1.98,86.00,'SG','Duke University','215z.png','Jacob','Grandison'),(216,'Finland',216,'1993-03-27',1.88,82.00,'PG','Saint Chamond Basket Vallee','216z.png','Ilari','Seppala'),(217,'Germany',217,'1999-11-08',2.03,82.00,'PG','FC Bayern München','217z.png','Isaac','Bonga'),(218,'Germany',218,'1992-12-31',1.91,82.00,'PG','Olimpia Milano','218z.png','Maodo','Lo'),(219,'Germany',219,'1991-06-08',2.00,93.00,'SF','FC Bayern München','219z.png','Niels','Giffey'),(220,'Germany',220,'1992-09-30',2.11,115.00,'C','Olimpia Milano','220z.png','Johannes','Voigtmann'),(221,'Germany',221,'2001-08-27',2.08,100.00,'SG','Orlando Magic','221z.png','Franz','Wagner'),(222,'Germany',222,'1992-04-04',2.03,111.00,'PF','Indiana Pacers','222z.png','Daniel','Theis'),(223,'Germany',223,'1997-04-26',2.11,111.00,'C','Orlando Magic','223z.png','Moritz','Wagner'),(224,'Germany',224,'1993-09-15',1.85,78.00,'PG','Toronto Raptors','224z.png','Dennis','Schroder'),(225,'Germany',225,'2001-04-21',1.91,77.00,'PG','Anadolu Efes SK','225z.png','Justus','Hollatz'),(226,'Germany',226,'1994-02-09',2.05,110.00,'PF','ALBA Berlin','226z.png','Johannes','Thiemann'),(227,'Germany',227,'1996-07-13',1.91,91.00,'SG','FC Bayern München','227z.png','Andreas','Obst'),(228,'Germany',228,'1997-01-14',1.96,92.00,'PG','Coviran Granada','228z.png','David','Kramer'),(229,'Japan',229,'1993-07-30',1.67,68.00,'PG','Chiba Jets','229z.png','Yuki','Togashi'),(230,'Japan',230,'2001-05-02',1.72,72.00,'PG','Yokohama B-Corsairs','230z.png','Yuki','Kawamura'),(231,'Japan',231,'1990-08-11',1.91,88.00,'SG','Utsunomiya Brex','231z.png','Makoto','Hiejima'),(232,'Japan',232,'1994-10-13',2.06,98.00,'SF','Phoenix Suns','232z.png','Yuta','Watanabe'),(233,'Japan',233,'1995-11-07',1.95,90.00,'SG','Japan Basketball Association','233z.png','Yudai','Baba'),(234,'Japan',234,'1999-03-13',1.90,81.00,'SG','Seahorses Mikawa','234z.png','Yudai','Nishida'),(235,'Japan',235,'1995-06-23',2.08,109.00,'C','Shinshu Brave Warriors','235z.png','Joshua','Hawkinson'),(236,'Japan',236,'2001-02-01',1.88,81.00,'PG','University of Nebraska','236z.png','Keisei','Tominaga'),(237,'Japan',237,'1993-12-17',1.87,87.00,'SF','Chiba Jets','237z.png','Shuta','Hara'),(238,'Japan',238,'1999-05-07',2.01,99.00,'PF','Sun-Rockets Shibuya','238z.png','Soichiro','Inoue'),(239,'Japan',239,'1998-06-04',1.96,95.00,'SF','Alvark Tokyo','239z.png','Hirotaka','Yoshii'),(240,'Japan',240,'1998-06-16',2.04,102.00,'C','Shiga Lakestars','240z.png','Koya','Kawamata'),(241,'Cape Verde',241,'1995-05-02',1.90,90.00,'SG','CB Almeria','241z.png','Patrick','Lima'),(242,'Cape Verde',242,'1988-04-23',1.85,86.00,'PG','Providence Pirates','242z.png','Shane','Da Rosa'),(243,'Cape Verde',243,'1989-05-10',1.97,94.00,'SF','Benfica','243z.png','Ivan','Almeida'),(244,'Cape Verde',244,'1984-07-07',1.89,88.00,'PG','Prédio Basketball','244z.png','Fidel','Mendonça'),(245,'Cape Verde',245,'1997-10-31',1.95,93.00,'SG','Sangalhos DC','245z.png','Anderson','Correia'),(246,'Cape Verde',246,'1985-10-11',1.92,84.00,'SF','F.A.P.','246z.png','Joel','Almeida'),(247,'Cape Verde',247,'1990-08-17',2.03,95.00,'PF','F.A.P.','247z.png','Kenneti','Mendes'),(248,'Cape Verde',248,'1995-07-18',1.95,93.00,'SF','Yambol','248z.png','Will','Tavares'),(249,'Cape Verde',249,'1991-09-03',1.96,92.00,'SF','Portimonense SC','249z.png','Kevin','Coronel'),(250,'Cape Verde',250,'1995-10-29',2.11,105.00,'C','FC Porto','250z.png','Keven','Gomes'),(251,'Cape Verde',251,'1985-02-05',2.03,86.00,'SF','Benfica','251z.png','Betinho','Gomes'),(252,'Cape Verde',252,'1992-03-22',2.21,125.00,'C','Real Madrid','252z.png','Edy','Tavares'),(253,'Georgia',253,'2001-03-19',1.93,85.00,'PG','UCAM Murcia','253z.png','Rati','Andronikashvili'),(254,'Georgia',254,'1999-05-23',2.08,109.00,'PF','San Antonio Spurs','254z.png','Alexander','Mamukelashvili'),(255,'Georgia',255,'1993-07-16',1.97,75.00,'SF','Kutaisi 2010','255z.png','Kakhaber','Jintcharadze'),(256,'Georgia',256,'2003-07-14',1.86,80.00,'PG','BC Olimpi','256z.png','Luka','Liklikadze'),(257,'Georgia',257,'1986-02-07',1.92,90.00,'PG','TSU Tblisi','257z.png','George','Tsintsadze'),(258,'Georgia',258,'1989-04-02',2.17,120.00,'C','Lenovo Tenerife','258z.png','Georgi','Shermadini'),(259,'Georgia',259,'1992-07-25',1.97,95.00,'SG','Atomerömü SE','259z.png','Duda','Sanadze'),(260,'Georgia',260,'1997-10-21',2.06,88.00,'C','TSU Tblisi','260z.png','Giorgi','Turdziladze'),(261,'Georgia',261,'1987-04-12',2.04,91.00,'SF','Kutaisi 2010','261z.png','Mikheil','Berishvili'),(262,'Georgia',262,'1991-10-05',2.06,109.00,'PF','Segafredo Virtus Bologna','262z.png','Tornike','Shengelia'),(263,'Georgia',263,'1987-05-29',1.88,82.00,'PG','UCAM Murcia','263z.png','Thaddus','McFadden'),(264,'Georgia',264,'1999-07-20',2.11,113.00,'C','Orlando Magic','264z.png','Goga','Bitadze'),(265,'Slovenia',265,'2001-01-26',1.97,83.00,'PG','ALBA Berlin','265z.png','Ziga','Samar'),(266,'Slovenia',266,'1995-02-21',1.91,92.00,'PG','Elan Chalon','266z.png','Aleksej','Nikolic'),(267,'Slovenia',267,'1992-10-20',1.92,90.00,'PG','Valencia Basket Club SAD','267z.png','Klemen','Prepelic'),(268,'Slovenia',268,'1994-10-10',2.13,115.00,'C','Crvena Zvezda MTS','268z.png','Mike','Tobey'),(269,'Slovenia',269,'1990-06-30',1.96,96.00,'SG','Cedevita Olimpija','269z.png','Jaka','Blazic'),(270,'Slovenia',270,'1994-08-18',1.96,94.00,'SG','JDA Bourgogne Dijon','270z.png','Gregor','Hrovat'),(271,'Slovenia',271,'1993-02-20',2.10,113.00,'PF','Nishinomiya Storks','271z.png','Ziga','Dimec'),(272,'Slovenia',272,'1989-06-22',1.96,91.00,'SG','Cedevita Olimpija','272z.png','Zoran','Dragic'),(273,'Slovenia',273,'2001-08-05',2.00,100.00,'PF','Spirou Basket','273z.png','Bine','Prepelic'),(274,'Slovenia',274,'2001-04-29',1.98,81.00,'SG','Cedevita Olimpija','274z.png','Gregor','Glas'),(275,'Slovenia',275,'1991-04-28',2.00,102.00,'SF','CSM ABC Athletic Constanta','275z.png','Jakob','Cebasek'),(276,'Slovenia',276,'1999-02-28',2.01,104.00,'SG','Dallas Mavericks','276z.png','Luka','Doncic'),(277,'Venezuela',277,'1986-02-18',1.80,91.00,'PG','Gladiadores','277z.png','Gregory','Vargas'),(278,'Venezuela',278,'1999-09-23',1.95,98.00,'SF','Broncos de Caracas','278z.png','Garly','Sojo'),(279,'Venezuela',279,'1989-01-30',1.96,93.00,'SF','Trotamundos','279z.png','Jhornan','Zamora'),(280,'Venezuela',280,'1987-07-27',1.82,79.00,'PG','Guaiqueríes de Margarita','280z.png','David','Cubillan'),(281,'Venezuela',281,'1990-03-13',1.86,82.00,'SG','Panteras de Miranda','281z.png','Pedro','Chourio'),(282,'Venezuela',282,'1990-12-20',2.02,104.00,'PF','Panteras de Miranda','282z.png','Miguel','Ruiz'),(283,'Venezuela',283,'1986-09-10',2.04,110.00,'C','Guaiqueríes de Margarita','283z.png','Windi','Graterol'),(284,'Venezuela',284,'1986-12-17',1.83,95.00,'PG','Guaros','284z.png','Heissler','Guillent'),(285,'Venezuela',285,'1995-08-19',1.88,88.00,'PG','Spartans Distrito Capital','285z.png','Yohanner','Sifontes'),(286,'Venezuela',286,'1993-01-07',1.96,82.00,'PF','Movistar Estudiantes','286z.png','Michael','Carrera'),(287,'Venezuela',287,'1996-08-17',1.96,89.00,'SF','Gaiteros del Zulia','287z.png','Jose','Materan'),(288,'Venezuela',288,'1987-09-05',2.03,110.00,'PF','Trotamundos','288z.png','Nestor','Colmenares'),(289,'Brazil',289,'1999-03-09',1.78,80.00,'PG','KK Red Star','289z.png','Yago','Santos'),(290,'Brazil',290,'1992-07-07',2.06,123.00,'C','Coviran Granada','290z.png','Cristiano','Felicio'),(291,'Brazil',291,'1990-02-20',1.94,88.00,'SG','Zunder Palencia','291z.png','Vítor','Benite'),(292,'Brazil',292,'1983-05-25',1.91,93.00,'PG','Lenovo Tenerife','292z.png','Marcelinho','Huertas'),(293,'Brazil',293,'1997-02-04',2.11,107.00,'PF','Nagoya Diamond Dolphins','293z.png','Tim','Soares'),(294,'Brazil',294,'2002-06-22',1.97,100.00,'SG','Santa Cruz Warriors','294z.png','Gui','Santos'),(295,'Brazil',295,'1993-03-20',2.01,100.00,'SF','Alvark Tokyo','295z.png','Leonardo','Meindl'),(296,'Brazil',296,'1992-05-19',1.86,82.00,'PG','Fenerbahce Koleji Spor Kulubu Dernegi','296z.png','Raul Neto','Togni'),(297,'Brazil',297,'1998-04-30',2.18,114.00,'C','BC Morabanc Andorra','297z.png','Felipe','dos Anjos'),(298,'Brazil',298,'1996-05-24',1.96,88.00,'PG','BBU 01 Ulm','298z.png','Georginho','de Paula'),(299,'Brazil',299,'1995-09-21',2.06,102.00,'PF','Umana Reyer Venezia','299z.png','Bruno','Caboclo'),(300,'Brazil',300,'1995-07-06',2.07,102.00,'SF','Franca','300z.png','Lucas','Diaz'),(301,'Iran',301,'2001-01-08',1.85,80.00,'PG','Kalleh','301z.png','Mohammadsina','Vahedi'),(302,'Iran',302,'1992-04-16',2.08,104.00,'C','Kalleh','302z.png','Meisam','Mirzaei'),(303,'Iran',303,'1994-02-23',1.80,77.00,'PG','ZOB Ahan','303z.png','Sajjad','Mashayekhi'),(304,'Iran',304,'2005-04-26',2.01,80.00,'SF','AS Monaco','304z.png','Mohammad','Amini'),(305,'Iran',305,'1996-08-23',1.93,86.00,'SF','Naft Abadan','305z.png','Navid','Rezaeifar'),(306,'Iran',306,'1995-07-12',1.91,87.00,'PG','RÖMERSTROM Gladiators Trier','306z.png','Behnam','Yakhchali'),(307,'Iran',307,'2002-02-27',1.99,90.00,'SF','Mahram Sport Club','307z.png','Piter','Girgoorian'),(308,'Iran',308,'1990-04-22',2.01,103.00,'PF','ZOB Ahan','308z.png','Arsalan','Kazemi'),(309,'Iran',309,'1985-05-19',2.18,119.00,'C','Sichuan Blue Whales','309z.png','Hamed','Haddadi'),(310,'Iran',310,'2001-03-14',1.98,90.00,'SG','Kalleh','310z.png','Matin','Aghajanpour'),(311,'Iran',311,'2001-01-29',2.02,95.00,'PF','Kalleh','311z.png','Jalal','Agha Miri'),(312,'Iran',312,'1996-07-07',2.18,112.00,'C','Mihan CSI','312z.png','Hasan','Aliakbari'),(313,'Côte d\'Ivoire',313,'2003-01-21',1.87,88.00,'PG','JA Vichy Clermont','313z.png','Assemian','Moulare'),(314,'Côte d\'Ivoire',314,'1989-11-04',1.96,98.00,'SF','ESSM Le Portel','314z.png','Charles','Abouo'),(315,'Côte d\'Ivoire',315,'1993-12-13',1.96,70.00,'PG','PS Karlsruhe Lions','315z.png','Bazoumana','Koné'),(316,'Côte d\'Ivoire',316,'1994-03-25',1.83,102.00,'PF','Penarol','316z.png','Amadou','Sidibe'),(317,'Côte d\'Ivoire',317,'1998-06-08',2.14,100.00,'SF','Caledonia Gladiators','317z.png','Patrick','Tape'),(318,'Côte d\'Ivoire',318,'1999-03-02',1.92,83.00,'SG','Toulouse Basket Club','318z.png','Maxence','Dadiet'),(319,'Côte d\'Ivoire',319,'1997-10-05',2.06,95.00,'PF','Abidjan Basket Club','319z.png','Mike','Fofana'),(320,'Côte d\'Ivoire',320,'1987-07-21',1.83,76.00,'PG','Atletico Petroleos','320z.png','Solo','Diabate'),(321,'Côte d\'Ivoire',321,'1992-06-12',2.00,92.00,'SF','BCM Gravelines Dunkerque','321z.png','Vafessa','Fofana'),(322,'Côte d\'Ivoire',322,'1994-05-11',2.00,84.00,'C','JA Vichy Clermont','322z.png','Cédric','Bah'),(323,'Côte d\'Ivoire',323,'1996-07-16',1.92,88.00,'SG','Aix Maurienne Savoie Basket','323z.png','Nisre','Zouzoua'),(324,'Côte d\'Ivoire',324,'1996-03-08',2.01,88.00,'SF','Champagne Basket','324z.png','Jean Philippe','Dally'),(325,'Spain',325,'1994-04-23',1.90,86.00,'PG','Unicaja Baloncesto','325z.png','Alberto','Diaz'),(326,'Spain',326,'1985-04-04',1.96,83.00,'SF','Real Madrid','326z.png','Rudy','Fernandez'),(327,'Spain',327,'1994-11-08',1.85,73.00,'SG','FC Barcelona','327z.png','Dario','Brizuela'),(328,'Spain',328,'1988-08-30',2.07,102.00,'PF','Valencia Basket Club SAD','328z.png','Victor','Claver'),(329,'Spain',329,'2001-01-10',2.11,98.00,'SF','Memphis Grizzlies','329z.png','Santiago','Aldama'),(330,'Spain',330,'1994-05-27',2.11,113.00,'C','FC Barcelona','330z.png','Willy','Hernangomez'),(331,'Spain',331,'2002-03-09',2.03,104.00,'PF','Oklahoma City Thunder','331z.png','Usman','Garuba'),(332,'Spain',332,'1993-08-01',1.98,91.00,'SF','FC Barcelona','332z.png','Alex','Abrines'),(333,'Spain',333,'1987-11-15',1.90,94.00,'PG','Real Madrid','333z.png','Sergio','Llull'),(334,'Spain',334,'2004-06-04',1.91,86.00,'PG','BBU 01 Ulm','334z.png','Juan','Nunez'),(335,'Spain',335,'1995-09-28',2.06,97.00,'PF','Panathinaikos A.C.','335z.png','Juancho','Hernangomez'),(336,'Spain',336,'2000-04-04',2.01,95.00,'PF','FC Barcelona','336z.png','Joel','Parra'),(337,'Canada',337,'1999-04-19',1.94,100.00,'SG','Oklahoma City Thunder','337z.png','Luguentz','Dort'),(338,'Canada',338,'1998-09-02',1.96,93.00,'SG','Minnesota Timberwolves','338z.png','Nickeil','Alexander-Walker'),(339,'Canada',339,'1998-07-12',1.98,88.00,'PG','Oklahoma City Thunder','339z.png','Shai','Gilgeous-Alexander'),(340,'Canada',340,'1991-03-04',2.01,100.00,'SF','Unicaja Baloncesto','340z.png','Melvin','Ejim'),(341,'Canada',341,'1991-07-20',2.12,109.00,'PF','Dallas Mavericks','341z.png','Dwight','Powell'),(342,'Canada',342,'2000-06-14',1.95,97.00,'SF','New York Knicks','342z.png','RJ','Barrett'),(343,'Canada',343,'1996-10-21',2.07,100.00,'PF','Hapoel Tel Aviv','343z.png','Kyle','Alexander'),(344,'Canada',344,'1991-04-19',2.11,109.00,'PF','Utah Jazz','344z.png','Kelly','Olynyk'),(345,'Canada',345,'2002-05-14',2.24,136.00,'C','Purdue Boilermakers','345z.png','Zach','Edey'),(346,'Canada',346,'1992-11-27',1.91,84.00,'PG','BAB Bahcesehir Akademik','346z.png','Phil','Scrubb'),(347,'Canada',347,'1996-01-22',1.98,102.00,'SF','Houston Rockets','347z.png','Dillon','Brooks'),(348,'Canada',348,'1995-09-05',1.88,79.00,'PG','Casademont Zaragoza','348z.png','Trae','Bell-Haynes'),(349,'France',349,'1997-10-10',1.86,82.00,'PG','FC Bayern München','349z.png','Sylvain','Francisco'),(350,'France',350,'1997-10-23',1.91,86.00,'PG','AS Monaco','350z.png','Elie','Okobo'),(351,'France',351,'1988-12-14',2.03,104.00,'SF','Los Angeles Clippers','351z.png','Nicolas','Batum'),(352,'France',352,'1995-12-17',2.04,123.00,'PF','Real Madrid','352z.png','Guerschon','Yabusele'),(353,'France',353,'1992-10-29',2.01,93.00,'SG','New York Knicks','353z.png','Evan','Fournier'),(354,'France',354,'1987-06-23',1.96,91.00,'SG','LDLC ASVEL','354z.png','Nando','de Colo'),(355,'France',355,'1994-03-02',1.95,95.00,'SF','AS Monaco','355z.png','Terry','Tarpey'),(356,'France',356,'1992-01-24',1.91,84.00,'SG','AS Monaco','356z.png','Yakuba','Ouattara'),(357,'France',357,'1995-09-29',2.06,116.00,'C','Panathinaikos BC OPAP','357z.png','Mathias','Lessort'),(358,'France',358,'1992-06-26',2.16,117.00,'C','Minnesota Timberwolves','358z.png','Rudy','Gobert'),(359,'France',359,'1996-11-28',1.96,89.00,'SG','Virtus Segafredo Bologna','359z.png','Isaia','Cordinier'),(360,'France',360,'1992-02-23',2.18,124.00,'C','Olympiacos BC','360z.png','Moustapha','Fall'),(361,'Latvia',361,'1998-02-05',2.06,103.00,'SF','UCAM Murcia','361z.png','Rodions','Kurucs'),(362,'Latvia',362,'1992-11-12',2.08,102.00,'PF','Oklahoma City Thunder','362z.png','Dāvis','Bertāns'),(363,'Latvia',363,'1989-09-09',1.93,91.00,'SG','VEF Riga','363z.png','Dairis','Bertāns'),(364,'Latvia',364,'1995-06-25',2.07,107.00,'PF','BC Zalgiris','364z.png','Rolands','Šmits'),(365,'Latvia',365,'1998-10-23',1.98,100.00,'SF','Bertram Derthona Basket','365z.png','Artūrs','Strautiņš'),(366,'Latvia',366,'1996-02-11',2.08,115.00,'C','Yokohama Excellence','366z.png','Klāvs','Čavars'),(367,'Latvia',367,'1992-12-04',1.92,84.00,'SG','BM Stal Ostrów Wielkopolski','367z.png','Aigars','Šķēle'),(368,'Latvia',368,'1993-07-21',2.02,95.00,'PF','Aquila Basket Trento','368z.png','Andrejs','Gražulis'),(369,'Latvia',369,'1995-12-20',2.18,104.00,'C','Coosur Real Betis','369z.png','Anžejs','Pasečņiks'),(370,'Latvia',370,'2000-01-19',1.93,87.00,'PG','Promitheas Patras','370z.png','Artūrs','Kurucs'),(371,'Latvia',371,'2000-10-23',1.90,78.00,'PG','Nevezis-Optibet','371z.png','Artūrs','Žagars'),(372,'Latvia',372,'1998-05-25',1.93,84.00,'PG','Aliaga Petkim','372z.png','Kristers','Zoriks'),(373,'Lebanon',373,'1998-02-22',1.96,94.00,'SF','Dynamo LBN','373z.png','Mark','Alkhoury'),(374,'Lebanon',374,'1997-07-21',2.05,111.00,'PF','KGC','374z.png','Omari Rasulala','Spellman'),(375,'Lebanon',375,'1991-01-18',1.87,83.00,'SG','Al Riyadi','375z.png','Amir','Saoud'),(376,'Lebanon',376,'1996-11-20',1.85,80.00,'PG','Dynamo LBN','376z.png','Jad','Khalil'),(377,'Lebanon',377,'1999-06-16',1.88,79.00,'SG','Al Riyadi','377z.png','Karim','Zeinoun'),(378,'Lebanon',378,'1996-07-25',1.94,93.00,'SG','Beirut Club','378z.png','Sergio','El Darwich'),(379,'Lebanon',379,'1998-01-01',1.85,82.00,'PG','Al Riyadi','379z.png','Ali','Mansour'),(380,'Lebanon',380,'1990-07-20',2.06,109.00,'PF','Alkaramah','380z.png','Ali','Haidar'),(381,'Lebanon',381,'1997-08-08',2.06,102.00,'PF','Dynamo LBN','381z.png','Karim Raphael','Ezzedine'),(382,'Lebanon',382,'1994-09-04',1.93,90.00,'PG','Al Riyadi','382z.png','Wael','Arakji'),(383,'Lebanon',383,'1989-12-11',2.03,97.00,'PF','Al Riyadi','383z.png','Hayk','Gyokchyan'),(384,'Lebanon',384,'1994-03-22',1.82,81.00,'PG','Beirut Club','384z.png','Ali','Mezher'),(385,'Special',385,'1970-01-01',0.00,0.00,'S','Logo','385z.png','Tournament','Logo'),(386,'Special',386,'1970-01-01',0.00,0.00,'S','Arena','386z.png','Philippine','Arena'),(387,'Special',387,'1970-01-01',0.00,0.00,'S','Arena','387z.png','Araneta','Coliseum'),(388,'Special',388,'1970-01-01',0.00,0.00,'S','Arena','388z.png','Mall of Asia','Arena'),(389,'Special',389,'1970-01-01',0.00,0.00,'S','Arena','389z.png','Indonesia','Arena'),(390,'Special',390,'1970-01-01',0.00,0.00,'S','Arena','390z.png','Okinawa','Arena'),(391,'Special',391,'1970-01-01',0.00,0.00,'S','Logo','391z.png','FIBA','Logo'),(392,'Special',392,'1970-01-01',0.00,0.00,'S','Trophy','392z.png','World Cup','Trophy'),(393,'Special',393,'1970-01-01',0.00,0.00,'S','Champion','393z.png','Argentina','1950 Champion'),(394,'Special',394,'1970-01-01',0.00,0.00,'S','Champion','394z.png','Yugoslavia','2002 Champion'),(395,'Special',395,'1970-01-01',0.00,0.00,'S','Champion','395z.png','USA','2014 Champion'),(396,'Special',396,'1970-01-01',0.00,0.00,'S','Champion','396z.png','Spain','2019 Champion');
/*!40000 ALTER TABLE `igrac` ENABLE KEYS */;
UNLOCK TABLES;

--
-- Table structure for table `korisnik`
--

DROP TABLE IF EXISTS `korisnik`;
/*!40101 SET @saved_cs_client     = @@character_set_client */;
/*!50503 SET character_set_client = utf8mb4 */;
CREATE TABLE `korisnik` (
  `idUser` int NOT NULL AUTO_INCREMENT,
  `username` varchar(255) DEFAULT NULL,
  `password` varchar(255) DEFAULT NULL,
  `datumPoslednjegOtvaranja` datetime DEFAULT NULL,
  `packsToOpen` int DEFAULT NULL,
  PRIMARY KEY (`idUser`)
) ENGINE=InnoDB AUTO_INCREMENT=5 DEFAULT CHARSET=utf8mb4 COLLATE=utf8mb4_0900_ai_ci;
/*!40101 SET character_set_client = @saved_cs_client */;

--
-- Dumping data for table `korisnik`
--

LOCK TABLES `korisnik` WRITE;
/*!40000 ALTER TABLE `korisnik` DISABLE KEYS */;
INSERT INTO `korisnik` VALUES (2,'Andrija','andrija1510','2024-08-15 18:59:30',0),(3,'Marko','marko123','2024-08-15 19:01:32',0),(4,'Petar','petar123','2024-08-15 19:02:53',0);
/*!40000 ALTER TABLE `korisnik` ENABLE KEYS */;
UNLOCK TABLES;

--
-- Table structure for table `nezalepljena`
--

DROP TABLE IF EXISTS `nezalepljena`;
/*!40101 SET @saved_cs_client     = @@character_set_client */;
/*!50503 SET character_set_client = utf8mb4 */;
CREATE TABLE `nezalepljena` (
  `idNez` int NOT NULL AUTO_INCREMENT,
  `idIgr` int DEFAULT NULL,
  `idUser` int DEFAULT NULL,
  PRIMARY KEY (`idNez`),
  KEY `idIgr` (`idIgr`),
  KEY `idUser` (`idUser`),
  CONSTRAINT `nezalepljena_ibfk_1` FOREIGN KEY (`idIgr`) REFERENCES `igrac` (`idIgr`),
  CONSTRAINT `nezalepljena_ibfk_2` FOREIGN KEY (`idUser`) REFERENCES `korisnik` (`idUser`)
) ENGINE=InnoDB AUTO_INCREMENT=976 DEFAULT CHARSET=utf8mb4 COLLATE=utf8mb4_0900_ai_ci;
/*!40101 SET character_set_client = @saved_cs_client */;

--
-- Dumping data for table `nezalepljena`
--

LOCK TABLES `nezalepljena` WRITE;
/*!40000 ALTER TABLE `nezalepljena` DISABLE KEYS */;
INSERT INTO `nezalepljena` VALUES (139,332,2),(179,189,2),(230,376,4),(263,376,4),(265,275,4),(337,161,2),(341,104,2),(344,77,2),(349,40,2),(355,107,2),(358,201,2),(372,202,2),(399,354,2),(411,183,2),(424,368,2),(439,77,3),(443,2,4),(444,381,4),(459,202,2),(461,340,2),(465,104,2),(481,71,2),(485,228,2),(493,2,2),(494,297,4),(503,289,4),(512,267,2),(527,341,2),(531,163,2),(535,129,2),(542,262,2),(544,184,2),(545,381,2),(559,107,2),(567,70,2),(571,183,2),(577,109,2),(593,171,2),(595,295,4),(596,2,2),(605,207,2),(606,249,2),(612,185,2),(625,109,2),(642,91,2),(649,297,2),(652,76,2),(656,171,2),(663,254,2),(673,207,2),(675,86,2),(677,331,2),(679,304,2),(695,70,2),(701,161,2),(706,362,2),(714,183,2),(728,175,2),(729,329,2),(735,281,2),(737,376,2),(743,95,2),(750,2,2),(754,341,2),(755,381,2),(759,367,3),(766,372,2),(783,36,2),(788,104,2),(791,113,2),(796,246,2),(804,358,2),(806,383,3),(808,274,4),(809,345,2),(811,61,2),(812,240,4),(813,169,4),(814,189,3),(815,52,2),(817,42,2),(819,81,3),(821,294,3),(824,299,4),(825,275,3),(828,329,4),(832,196,2),(835,22,2),(840,129,2),(843,341,2),(846,223,2),(849,376,2),(853,269,2),(858,150,4),(860,261,3),(861,201,3),(865,65,4),(866,90,3),(867,22,2),(868,42,2),(870,95,3),(871,142,2),(875,291,4),(877,233,2),(878,291,4),(882,95,2),(884,250,2),(886,155,2),(887,338,2),(888,362,2),(889,121,2),(892,294,2),(896,59,2),(897,133,2),(898,83,2),(901,300,4),(902,273,4),(903,140,3),(905,127,3),(906,140,4),(908,111,4),(912,70,2),(913,9,2),(914,189,3),(919,142,2),(920,294,4),(924,267,4),(931,133,4),(933,245,4),(936,295,4),(937,390,2),(944,91,4),(947,189,2),(949,83,2),(950,110,2),(951,30,2),(952,361,4),(954,371,2),(956,17,2),(957,295,2),(960,105,2),(961,278,4),(962,126,3),(963,314,2),(964,372,3),(965,123,4),(968,359,2),(969,90,3),(970,107,3),(971,17,3),(972,261,3),(973,136,4),(974,185,3),(975,13,3);
/*!40000 ALTER TABLE `nezalepljena` ENABLE KEYS */;
UNLOCK TABLES;

--
-- Table structure for table `ponuda_razmena`
--

DROP TABLE IF EXISTS `ponuda_razmena`;
/*!40101 SET @saved_cs_client     = @@character_set_client */;
/*!50503 SET character_set_client = utf8mb4 */;
CREATE TABLE `ponuda_razmena` (
  `idPon` int NOT NULL AUTO_INCREMENT,
  `idNez` int DEFAULT NULL,
  `idIgr` int DEFAULT NULL,
  `idRaz` int DEFAULT NULL,
  PRIMARY KEY (`idPon`),
  KEY `idNez_idx` (`idNez`),
  KEY `idIgr_idx` (`idIgr`),
  KEY `idRaz_idx` (`idRaz`),
  CONSTRAINT `idIgr` FOREIGN KEY (`idIgr`) REFERENCES `igrac` (`idIgr`),
  CONSTRAINT `idNez` FOREIGN KEY (`idNez`) REFERENCES `nezalepljena` (`idNez`),
  CONSTRAINT `idRaz` FOREIGN KEY (`idRaz`) REFERENCES `razmena` (`idRaz`)
) ENGINE=InnoDB AUTO_INCREMENT=1583 DEFAULT CHARSET=utf8mb4 COLLATE=utf8mb4_0900_ai_ci;
/*!40101 SET character_set_client = @saved_cs_client */;

--
-- Dumping data for table `ponuda_razmena`
--

LOCK TABLES `ponuda_razmena` WRITE;
/*!40000 ALTER TABLE `ponuda_razmena` DISABLE KEYS */;
/*!40000 ALTER TABLE `ponuda_razmena` ENABLE KEYS */;
UNLOCK TABLES;

--
-- Table structure for table `razmena`
--

DROP TABLE IF EXISTS `razmena`;
/*!40101 SET @saved_cs_client     = @@character_set_client */;
/*!50503 SET character_set_client = utf8mb4 */;
CREATE TABLE `razmena` (
  `idRaz` int NOT NULL AUTO_INCREMENT,
  `idUser` int DEFAULT NULL,
  `acceptDuplicates` tinyint DEFAULT '0',
  `processed` tinyint DEFAULT NULL,
  PRIMARY KEY (`idRaz`),
  KEY `idUser_idx` (`idUser`),
  CONSTRAINT `idUser` FOREIGN KEY (`idUser`) REFERENCES `korisnik` (`idUser`)
) ENGINE=InnoDB AUTO_INCREMENT=98 DEFAULT CHARSET=utf8mb4 COLLATE=utf8mb4_0900_ai_ci;
/*!40101 SET character_set_client = @saved_cs_client */;

--
-- Dumping data for table `razmena`
--

LOCK TABLES `razmena` WRITE;
/*!40000 ALTER TABLE `razmena` DISABLE KEYS */;
INSERT INTO `razmena` VALUES (81,4,1,1),(82,2,1,1),(83,3,1,1),(84,3,1,1),(85,4,1,1),(86,2,1,1),(87,2,1,1),(88,4,1,1),(89,2,1,1),(90,4,1,1),(91,4,1,1),(92,2,1,1),(93,3,1,1),(94,3,1,1),(95,4,1,1),(96,3,1,1),(97,2,1,1);
/*!40000 ALTER TABLE `razmena` ENABLE KEYS */;
UNLOCK TABLES;

--
-- Table structure for table `rezultat`
--

DROP TABLE IF EXISTS `rezultat`;
/*!40101 SET @saved_cs_client     = @@character_set_client */;
/*!50503 SET character_set_client = utf8mb4 */;
CREATE TABLE `rezultat` (
  `idRez` int NOT NULL AUTO_INCREMENT,
  `tim1` varchar(45) NOT NULL,
  `tim2` varchar(45) NOT NULL,
  `poeni1` int DEFAULT NULL,
  `poeni2` int DEFAULT NULL,
  `odigrano` tinyint DEFAULT NULL,
  `link` varchar(500) DEFAULT NULL,
  PRIMARY KEY (`idRez`)
) ENGINE=InnoDB AUTO_INCREMENT=49 DEFAULT CHARSET=utf8mb4 COLLATE=utf8mb4_0900_ai_ci;
/*!40101 SET character_set_client = @saved_cs_client */;

--
-- Dumping data for table `rezultat`
--

LOCK TABLES `rezultat` WRITE;
/*!40000 ALTER TABLE `rezultat` DISABLE KEYS */;
INSERT INTO `rezultat` VALUES (1,'Angola','Italy',67,81,1,'https://www.fiba.basketball/basketballworldcup/2023/game/2508/Angola-Italy'),(2,'Finland','Australia',72,98,1,'https://www.fiba.basketball/basketballworldcup/2023/game/2508/Finland-Australia'),(3,'Mexico','Montenegro',71,91,1,'https://www.fiba.basketball/basketballworldcup/2023/game/2508/Mexico-Montenegro'),(4,'Latvia','Lebanon',109,90,1,'https://www.fiba.basketball/basketballworldcup/2023/game/2508/Latvia-Lebanon'),(5,'Dominican Republic','Philippines',87,81,1,'https://www.fiba.basketball/basketballworldcup/2023/game/2508/Dominican-Republic-Philippines'),(6,'Germany','Japan',81,63,1,'https://www.fiba.basketball/basketballworldcup/2023/game/2508/Germany-Japan'),(7,'Egypt','Lithuania',67,93,1,'https://www.fiba.basketball/basketballworldcup/2023/game/2508/Egypt-Lithuania'),(8,'Canada','France',95,65,1,'https://www.fiba.basketball/basketballworldcup/2023/game/2508/Canada-France'),(9,'South Sudan','Puerto Rico',96,101,1,'https://www.fiba.basketball/basketballworldcup/2023/game/2608/South-Sudan-Puerto-Rico'),(10,'Cape Verde','Georgia',60,85,1,'https://www.fiba.basketball/basketballworldcup/2023/game/2608/Cape-Verde-Georgia'),(11,'Jordan','Greece',71,92,1,'https://www.fiba.basketball/basketballworldcup/2023/game/2608/Jordan-Greece'),(12,'Iran','Brazil',59,100,1,'https://www.fiba.basketball/basketballworldcup/2023/game/2608/Iran-Brazil'),(13,'Slovenia','Venezuela',100,85,1,'https://www.fiba.basketball/basketballworldcup/2023/game/2608/Slovenia-Venezuela'),(14,'Serbia','China',105,63,1,'https://www.fiba.basketball/basketballworldcup/2023/game/2608/Serbia-China'),(15,'USA','New Zealand',99,72,1,'https://www.fiba.basketball/basketballworldcup/2023/game/2608/USA-New-Zealand'),(16,'Spain','Côte d\'Ivoire',94,64,1,'https://www.fiba.basketball/basketballworldcup/2023/game/2608/Spain-Cote-d-Ivoire'),(17,'Italy','Dominican Republic',82,87,1,'https://www.fiba.basketball/basketballworldcup/2023/game/2708/Italy-Dominican-Republic'),(18,'Australia','Germany',82,85,1,'https://www.fiba.basketball/basketballworldcup/2023/game/2708/Australia-Germany'),(19,'Montenegro','Egypt',89,74,1,'https://www.fiba.basketball/basketballworldcup/2023/game/2708/Montenegro-Egypt'),(20,'Lebanon','Canada',73,128,1,'https://www.fiba.basketball/basketballworldcup/2023/game/2708/Lebanon-Canada'),(21,'Philippines','Angola',70,80,1,'https://www.fiba.basketball/basketballworldcup/2023/game/2708/Philippines-Angola'),(22,'Japan','Finland',98,88,1,'https://www.fiba.basketball/basketballworldcup/2023/game/2708/Japan-Finland'),(23,'Lithuania','Mexico',96,66,1,'https://www.fiba.basketball/basketballworldcup/2023/game/2708/Lithuania-Mexico'),(24,'France','Latvia',86,88,1,'https://www.fiba.basketball/basketballworldcup/2023/game/2708/France-Latvia'),(25,'China','South Sudan',69,89,1,'https://www.fiba.basketball/basketballworldcup/2023/game/2808/China-South-Sudan'),(26,'Venezuela','Cape Verde',75,81,1,'https://www.fiba.basketball/basketballworldcup/2023/game/2808/Venezuela-Cape-Verde'),(27,'New Zealand','Jordan',95,87,1,'https://www.fiba.basketball/basketballworldcup/2023/game/2808/New-Zealand-Jordan'),(28,'Côte d\'Ivoire','Iran',71,69,1,'https://www.fiba.basketball/basketballworldcup/2023/game/2808/Cote-d-Ivoire-Iran'),(29,'Georgia','Slovenia',67,88,1,'https://www.fiba.basketball/basketballworldcup/2023/game/2808/Georgia-Slovenia'),(30,'Puerto Rico','Serbia',77,94,1,'https://www.fiba.basketball/basketballworldcup/2023/game/2808/Puerto-Rico-Serbia'),(31,'Greece','USA',81,109,1,'https://www.fiba.basketball/basketballworldcup/2023/game/2808/Greece-USA'),(32,'Brazil','Spain',78,96,1,'https://www.fiba.basketball/basketballworldcup/2023/game/2808/Brazil-Spain'),(33,'Germany','Finland',101,75,1,'https://www.fiba.basketball/basketballworldcup/2023/game/2908/Germany-Finland'),(34,'Angola','Dominican Republic',67,75,1,'https://www.fiba.basketball/basketballworldcup/2023/game/2908/Angola-Dominican-Republic'),(35,'Egypt','Mexico',100,72,1,'https://www.fiba.basketball/basketballworldcup/2023/game/2908/Egypt-Mexico'),(36,'Lebanon','France',79,85,1,'https://www.fiba.basketball/basketballworldcup/2023/game/2908/Lebanon-France'),(37,'Australia','Japan',109,89,1,'https://www.fiba.basketball/basketballworldcup/2023/game/2908/Australia-Japan'),(38,'Philippines','Italy',83,90,1,'https://www.fiba.basketball/basketballworldcup/2023/game/2908/Philippines-Italy'),(39,'Montenegro','Lithuania',71,91,1,'https://www.fiba.basketball/basketballworldcup/2023/game/2908/Montenegro-Lithuania'),(40,'Canada','Latvia',101,75,1,'https://www.fiba.basketball/basketballworldcup/2023/game/2908/Canada-Latvia'),(41,'South Sudan','Serbia',83,115,1,'https://www.fiba.basketball/basketballworldcup/2023/game/3008/South-Sudan-Serbia'),(42,'Georgia','Venezuela',70,59,1,'https://www.fiba.basketball/basketballworldcup/2023/game/3008/Georgia-Venezuela'),(43,'USA','Jordan',110,62,1,'https://www.fiba.basketball/basketballworldcup/2023/game/3008/USA-Jordan'),(44,'Côte d\'Ivoire','Brazil',77,89,1,'https://www.fiba.basketball/basketballworldcup/2023/game/3008/Cote-d-Ivoire-Brazil'),(45,'Slovenia','Cape Verde',92,77,1,'https://www.fiba.basketball/basketballworldcup/2023/game/3008/Slovenia-Cape-Verde'),(46,'China','Puerto Rico',89,107,1,'https://www.fiba.basketball/basketballworldcup/2023/game/3008/China-Puerto-Rico'),(47,'Greece','New Zealand',83,74,1,'https://www.fiba.basketball/basketballworldcup/2023/game/3008/Greece-New-Zealand'),(48,'Iran','Spain',65,85,1,'https://www.fiba.basketball/basketballworldcup/2023/game/3008/Iran-Spain');
/*!40000 ALTER TABLE `rezultat` ENABLE KEYS */;
UNLOCK TABLES;

--
-- Table structure for table `zalepljena`
--

DROP TABLE IF EXISTS `zalepljena`;
/*!40101 SET @saved_cs_client     = @@character_set_client */;
/*!50503 SET character_set_client = utf8mb4 */;
CREATE TABLE `zalepljena` (
  `idIgr` int NOT NULL,
  `idUser` int NOT NULL,
  PRIMARY KEY (`idIgr`,`idUser`),
  KEY `idUser` (`idUser`),
  CONSTRAINT `zalepljena_ibfk_1` FOREIGN KEY (`idIgr`) REFERENCES `igrac` (`idIgr`),
  CONSTRAINT `zalepljena_ibfk_2` FOREIGN KEY (`idUser`) REFERENCES `korisnik` (`idUser`)
) ENGINE=InnoDB DEFAULT CHARSET=utf8mb4 COLLATE=utf8mb4_0900_ai_ci;
/*!40101 SET character_set_client = @saved_cs_client */;

--
-- Dumping data for table `zalepljena`
--

LOCK TABLES `zalepljena` WRITE;
/*!40000 ALTER TABLE `zalepljena` DISABLE KEYS */;
INSERT INTO `zalepljena` VALUES (2,2),(3,2),(8,2),(9,2),(11,2),(13,2),(14,2),(15,2),(17,2),(18,2),(19,2),(21,2),(22,2),(23,2),(25,2),(26,2),(27,2),(28,2),(29,2),(30,2),(31,2),(32,2),(34,2),(36,2),(40,2),(41,2),(42,2),(44,2),(45,2),(48,2),(49,2),(50,2),(52,2),(53,2),(54,2),(55,2),(56,2),(57,2),(59,2),(60,2),(61,2),(63,2),(64,2),(65,2),(67,2),(69,2),(70,2),(71,2),(73,2),(74,2),(75,2),(76,2),(77,2),(78,2),(80,2),(81,2),(82,2),(83,2),(84,2),(86,2),(87,2),(90,2),(91,2),(92,2),(93,2),(94,2),(95,2),(96,2),(98,2),(99,2),(100,2),(102,2),(103,2),(104,2),(105,2),(106,2),(107,2),(109,2),(110,2),(111,2),(112,2),(113,2),(114,2),(115,2),(118,2),(119,2),(120,2),(121,2),(122,2),(123,2),(124,2),(126,2),(127,2),(128,2),(129,2),(133,2),(136,2),(137,2),(140,2),(141,2),(142,2),(143,2),(144,2),(145,2),(146,2),(148,2),(151,2),(153,2),(154,2),(155,2),(157,2),(158,2),(159,2),(160,2),(161,2),(163,2),(164,2),(166,2),(168,2),(170,2),(171,2),(173,2),(175,2),(177,2),(180,2),(181,2),(183,2),(184,2),(185,2),(186,2),(189,2),(191,2),(195,2),(196,2),(197,2),(198,2),(200,2),(201,2),(202,2),(203,2),(204,2),(206,2),(207,2),(209,2),(210,2),(211,2),(212,2),(213,2),(216,2),(219,2),(220,2),(222,2),(223,2),(225,2),(226,2),(227,2),(228,2),(229,2),(230,2),(231,2),(232,2),(233,2),(235,2),(236,2),(237,2),(238,2),(239,2),(240,2),(241,2),(245,2),(246,2),(248,2),(249,2),(250,2),(252,2),(254,2),(255,2),(256,2),(257,2),(258,2),(260,2),(261,2),(262,2),(263,2),(264,2),(266,2),(267,2),(269,2),(270,2),(275,2),(276,2),(277,2),(279,2),(281,2),(283,2),(284,2),(285,2),(286,2),(287,2),(289,2),(291,2),(292,2),(293,2),(294,2),(295,2),(297,2),(298,2),(301,2),(302,2),(304,2),(306,2),(307,2),(308,2),(310,2),(311,2),(312,2),(315,2),(316,2),(317,2),(319,2),(320,2),(323,2),(325,2),(327,2),(328,2),(329,2),(331,2),(332,2),(334,2),(335,2),(336,2),(337,2),(338,2),(340,2),(341,2),(342,2),(344,2),(347,2),(348,2),(350,2),(351,2),(352,2),(353,2),(354,2),(355,2),(356,2),(357,2),(358,2),(361,2),(362,2),(363,2),(364,2),(366,2),(367,2),(368,2),(369,2),(371,2),(372,2),(375,2),(376,2),(377,2),(380,2),(381,2),(382,2),(383,2),(385,2),(386,2),(389,2),(391,2),(392,2),(394,2),(395,2),(396,2),(1,3),(2,3),(3,3),(5,3),(6,3),(8,3),(9,3),(10,3),(11,3),(13,3),(15,3),(17,3),(18,3),(21,3),(22,3),(23,3),(25,3),(26,3),(27,3),(28,3),(29,3),(30,3),(31,3),(32,3),(36,3),(40,3),(41,3),(42,3),(44,3),(46,3),(47,3),(48,3),(52,3),(54,3),(56,3),(57,3),(58,3),(59,3),(60,3),(61,3),(63,3),(65,3),(66,3),(67,3),(69,3),(70,3),(71,3),(74,3),(75,3),(76,3),(77,3),(78,3),(79,3),(80,3),(81,3),(83,3),(84,3),(86,3),(89,3),(90,3),(91,3),(92,3),(93,3),(95,3),(96,3),(101,3),(102,3),(103,3),(104,3),(105,3),(107,3),(108,3),(109,3),(110,3),(111,3),(112,3),(113,3),(115,3),(117,3),(118,3),(120,3),(121,3),(122,3),(123,3),(124,3),(126,3),(127,3),(128,3),(129,3),(133,3),(136,3),(137,3),(140,3),(141,3),(142,3),(143,3),(145,3),(148,3),(149,3),(150,3),(153,3),(154,3),(155,3),(157,3),(158,3),(159,3),(160,3),(161,3),(163,3),(164,3),(165,3),(168,3),(169,3),(170,3),(171,3),(173,3),(175,3),(176,3),(181,3),(183,3),(184,3),(185,3),(189,3),(191,3),(192,3),(193,3),(195,3),(196,3),(197,3),(198,3),(201,3),(202,3),(203,3),(204,3),(206,3),(207,3),(208,3),(210,3),(211,3),(213,3),(215,3),(216,3),(220,3),(223,3),(224,3),(226,3),(228,3),(230,3),(231,3),(233,3),(234,3),(236,3),(238,3),(239,3),(240,3),(241,3),(242,3),(243,3),(244,3),(245,3),(246,3),(249,3),(250,3),(251,3),(252,3),(254,3),(255,3),(256,3),(257,3),(261,3),(262,3),(264,3),(265,3),(267,3),(269,3),(270,3),(271,3),(272,3),(273,3),(274,3),(275,3),(277,3),(278,3),(279,3),(280,3),(281,3),(282,3),(284,3),(285,3),(286,3),(289,3),(290,3),(291,3),(292,3),(293,3),(294,3),(295,3),(296,3),(297,3),(298,3),(299,3),(300,3),(301,3),(303,3),(304,3),(306,3),(310,3),(311,3),(314,3),(316,3),(317,3),(318,3),(319,3),(320,3),(321,3),(322,3),(327,3),(328,3),(329,3),(330,3),(331,3),(332,3),(335,3),(336,3),(338,3),(339,3),(340,3),(341,3),(342,3),(344,3),(345,3),(351,3),(352,3),(354,3),(355,3),(356,3),(357,3),(358,3),(359,3),(360,3),(362,3),(364,3),(366,3),(367,3),(368,3),(371,3),(372,3),(374,3),(376,3),(377,3),(378,3),(380,3),(381,3),(382,3),(383,3),(385,3),(387,3),(390,3),(393,3),(2,4),(6,4),(7,4),(8,4),(9,4),(11,4),(13,4),(14,4),(15,4),(17,4),(18,4),(19,4),(20,4),(21,4),(22,4),(23,4),(25,4),(26,4),(27,4),(28,4),(30,4),(31,4),(32,4),(35,4),(36,4),(38,4),(39,4),(40,4),(42,4),(44,4),(47,4),(49,4),(52,4),(54,4),(56,4),(57,4),(58,4),(59,4),(60,4),(61,4),(66,4),(67,4),(70,4),(71,4),(72,4),(73,4),(74,4),(75,4),(76,4),(77,4),(78,4),(81,4),(82,4),(83,4),(85,4),(86,4),(87,4),(88,4),(90,4),(91,4),(93,4),(95,4),(97,4),(99,4),(100,4),(102,4),(103,4),(104,4),(105,4),(107,4),(108,4),(109,4),(110,4),(112,4),(113,4),(114,4),(116,4),(117,4),(119,4),(120,4),(121,4),(122,4),(124,4),(125,4),(126,4),(127,4),(129,4),(130,4),(131,4),(133,4),(137,4),(138,4),(139,4),(142,4),(145,4),(146,4),(151,4),(153,4),(155,4),(156,4),(159,4),(160,4),(161,4),(163,4),(164,4),(166,4),(167,4),(171,4),(175,4),(178,4),(180,4),(181,4),(182,4),(183,4),(184,4),(185,4),(187,4),(189,4),(192,4),(193,4),(196,4),(197,4),(201,4),(202,4),(203,4),(206,4),(207,4),(210,4),(212,4),(213,4),(214,4),(215,4),(219,4),(220,4),(221,4),(223,4),(224,4),(225,4),(226,4),(228,4),(230,4),(231,4),(233,4),(244,4),(245,4),(246,4),(247,4),(249,4),(250,4),(251,4),(252,4),(253,4),(254,4),(255,4),(260,4),(261,4),(262,4),(267,4),(268,4),(269,4),(270,4),(275,4),(277,4),(279,4),(280,4),(281,4),(283,4),(284,4),(287,4),(289,4),(291,4),(292,4),(293,4),(294,4),(295,4),(296,4),(297,4),(301,4),(304,4),(305,4),(306,4),(307,4),(308,4),(314,4),(315,4),(319,4),(321,4),(323,4),(324,4),(326,4),(329,4),(330,4),(331,4),(332,4),(334,4),(335,4),(336,4),(337,4),(338,4),(339,4),(340,4),(341,4),(342,4),(343,4),(344,4),(348,4),(350,4),(351,4),(352,4),(354,4),(355,4),(357,4),(358,4),(362,4),(364,4),(365,4),(367,4),(368,4),(371,4),(372,4),(373,4),(374,4),(376,4),(378,4),(379,4),(380,4),(381,4),(383,4),(385,4),(387,4),(389,4),(390,4),(392,4),(393,4);
/*!40000 ALTER TABLE `zalepljena` ENABLE KEYS */;
UNLOCK TABLES;

--
-- Table structure for table `zelja_razmena`
--

DROP TABLE IF EXISTS `zelja_razmena`;
/*!40101 SET @saved_cs_client     = @@character_set_client */;
/*!50503 SET character_set_client = utf8mb4 */;
CREATE TABLE `zelja_razmena` (
  `idZelj` int NOT NULL AUTO_INCREMENT,
  `idRaz` int DEFAULT NULL,
  `idIgr` int DEFAULT NULL,
  PRIMARY KEY (`idZelj`),
  KEY `idIgr_idx` (`idIgr`),
  KEY `idRaz_idx` (`idRaz`),
  CONSTRAINT `fk_idIgr_zelja_razmena` FOREIGN KEY (`idIgr`) REFERENCES `igrac` (`idIgr`),
  CONSTRAINT `fk_idRaz_zelja_razmena` FOREIGN KEY (`idRaz`) REFERENCES `razmena` (`idRaz`)
) ENGINE=InnoDB AUTO_INCREMENT=24383 DEFAULT CHARSET=utf8mb4 COLLATE=utf8mb4_0900_ai_ci;
/*!40101 SET character_set_client = @saved_cs_client */;

--
-- Dumping data for table `zelja_razmena`
--

LOCK TABLES `zelja_razmena` WRITE;
/*!40000 ALTER TABLE `zelja_razmena` DISABLE KEYS */;
/*!40000 ALTER TABLE `zelja_razmena` ENABLE KEYS */;
UNLOCK TABLES;
/*!40103 SET TIME_ZONE=@OLD_TIME_ZONE */;

/*!40101 SET SQL_MODE=@OLD_SQL_MODE */;
/*!40014 SET FOREIGN_KEY_CHECKS=@OLD_FOREIGN_KEY_CHECKS */;
/*!40014 SET UNIQUE_CHECKS=@OLD_UNIQUE_CHECKS */;
/*!40101 SET CHARACTER_SET_CLIENT=@OLD_CHARACTER_SET_CLIENT */;
/*!40101 SET CHARACTER_SET_RESULTS=@OLD_CHARACTER_SET_RESULTS */;
/*!40101 SET COLLATION_CONNECTION=@OLD_COLLATION_CONNECTION */;
/*!40111 SET SQL_NOTES=@OLD_SQL_NOTES */;

-- Dump completed on 2024-08-16 16:28:08
